ST43QHYII2EIRDWGL6BE5TWZF4,bix_adaware_1000576,2
UGENMOHEEG5A3GFR7KKJGXJ4JM,bix_adaware_1000576,2
Z7N7DFUNR2TUUNVPCNJFSLZGYA,bix_adaware_1000576,2
UWMIPJNSLUJG2EW6M23AWIO7UI,bix_adaware_1000576,2
YOKDQDHAF5RLN67AMGREUXCLGE,bix_adaware_1000576,2
V6BGQNK4E6WM4ZVDFNMTKOXLRM,bix_adaware_1000576,1
LFXTG5N6C6ILXEA4IF4BDY5JZM,bix_adaware_1000576,2
PBCZESLKHOZJZTRRVZHKXAHSYQ,bix_adaware_1000576,2
P7453RQNL6R65J6VW237S4PETI,bix_adaware_1000576,2
UBIS7PXE5ICWRKZJZ4DQY4ATNI,bix_adaware_1000576,2
YOLA5BUCCIRXDMR7ZVNTMA3TJ4,bix_adaware_1000576,2
2LHULTN5VOV35IKM6IWLFVPK4Q,bix_adaware_1000576,2
JKPKDAKNECSWTEISHDRMXOXP6A,bix_adaware_1000576,2
PITH6K4OOPPPCLUDXORSNSCVJI,bix_adaware_1000576,2
7F76AURCQ6AVIFTOZAM6Y3MNY4,bix_adaware_1000576,2
USKZB5J5SOMENIPKLFENE3TVFU,bix_adaware_1000576,2
IIJYNTAZL6WUWBHCLO2P6GC2L4,bix_adaware_1000576,2
3RVY3FORXDZZ2X7GPEH7DRIVFU,bix_adaware_1000576,2
AIFP27PD5JYGOQOOZROE3R3Z7I,bix_adaware_1000576,2
OSNXWSF3MVPSJP5SUSZGWFQMOA,bix_adaware_1000576,1
FONPZJBWF2I2BA2C67BCZQKCK4,bix_adaware_1000576,2
KI3AG2VTHCM4ISHP2HSSEYBH6Y,bix_adaware_1000576,1
TKCQEWIAYPSCH2GDPIQFLYTJWY,bix_adaware_1000576,1
W5IZ6MBGUEKWU5LZQOINUN5TRI,bix_adaware_1000576,2
FA5TZMHBKS2ZJES2S74DE42PB4,bix_adaware_1000576,2
VXPE5JLRE42VZFNPH75VZO62XU,bix_adaware_1000576,2
LJX3VOM62XV6A7NOUQSEIDUM6A,bix_adaware_1000576,2
UWSSFL2XAFXHAPJFZVISMD5BGE,bix_adaware_1000576,1
5BWX3PCLHZR4GC6MR4YNKPHQTA,bix_adaware_1000576,2
WJBHLKQIQBSLA4WN6EGP3KKRFA,bix_adaware_1000576,1
KZFURVLHROXUTT6A4SGXT5CLDY,bix_adaware_1000576,2
CUPCTPZJPPNYTXX7XAROHNVIB4,bix_adaware_1000576,2
5Q6NSVGK36PP7H4VQFJGWMBDRQ,bix_adaware_1000576,2
HP6XU232ZF6KOF3ORQOZPUUC7M,bix_adaware_1000576,1
XQKSMDYOHTSQ4UKDJKBXM73NPM,bix_adaware_1000576,2
MKJRGNZDKYDSKZ536R33MGTVPU,bix_adaware_1000576,2
W5L5PBMRF6AXCATQO72Q2EZKRQ,bix_adaware_1000576,2
VXLPLLKBYGKVIV5426FM6YNJAA,bix_adaware_1000576,2
BV66ZNCNPVFYQTF4DHVIMXXR3I,bix_adaware_1000576,2
5JO32M4R372IL2ZTJOJLLWB6RI,bix_adaware_1000576,2
FUFLLWOWPNMU4PPISVDE6DSBOA,bix_adaware_1000576,2
VH6QYXV3PRCJWC4LXEAVRJUMUY,bix_adaware_1000576,2
3RAVLL6GTZDNVOBIKN2SFCPBA4,bix_adaware_1000576,2
XCF4WS3DOHKNZAW2Y3JQZRQ6K4,bix_adaware_1000576,2
CUNVKFFI47SBDQLFC6HZN7ZDEA,bix_adaware_1000576,2
VPRVP6IWBIZOVQ2XUWIFYPI4UE,bix_adaware_1000576,2
UBHLCXEJC5O6SSUQBMA6U3JCAU,bix_adaware_1000576,2
OAJVOXDA6FSI3Q24KAIG7EXUKM,bix_adaware_1000576,2
VR7XBDVUVQDXXUFISSSI7G4R6A,bix_adaware_1000576,2
VDM7FNV4DIB2L6OTASTJYCJ6NY,bix_adaware_1000576,2
YPVY7VIXTU7DBSTSKH4XJAEQXE,bix_adaware_1000576,2
W5QUUA6RELIXPZN5TO7YPYGLVI,bix_adaware_1000576,2
XWN7JZCTQC3E62XB34KDUSUQSY,bix_adaware_1000576,2
LBCMAVY2I6GZ6SDQP62AS65HHA,bix_adaware_1000576,2
AJ7N3UQ25W4ZIML7W65GNEXHQI,bix_adaware_1000576,1
HVLV6GGM4OK3ATGPHV4AUDYIXI,bix_adaware_1000576,2
BO3KAGHJUPI6AJZL7GY7XAZKPU,bix_adaware_1000576,2
RXSKKBTTTXXU6SZ4TKNWY2TNNY,bix_adaware_1000576,1
IBXFRPRBZRKUBS6OA6DGWFBJZI,bix_adaware_1000576,2
WYB6TKGMAJU2ZHWU2MZL3T5T3I,bix_adaware_1000576,2
PMI774KDN5LCFPUIJEMBHO4Y6A,bix_adaware_1000576,2
EZEOUWBKP6U4Q7VOOONLBESO6Q,bix_adaware_1000576,2
Z346DNZDBNXACS2BS6OP5GCWVQ,bix_adaware_1000576,2
4TCJPCCS6GQE6LCPCC2FJ7W3BQ,bix_adaware_1000576,2
Q622OCQVL7CU56FYDUBQC4QKYY,bix_adaware_1000576,2
TZYEOU4DYJWO45CRWSQ4CH6L5E,bix_adaware_1000576,2
46B6MHJQOEIIMXNXAUGWPN5LEY,bix_adaware_1000576,2
OA2DNTW6XNZXI6JRKBPID72ED4,bix_adaware_1000576,2
VQT2N5J2GJ3CWJ5PKD5QCJBWGE,bix_adaware_1000576,2
CQYOVQ4BXLOGKLA56EMJAKFFGE,bix_adaware_1000576,2
LJ7CPE6BZKE7SFDYHT6KYPNJXQ,bix_adaware_1000576,2
KOVDHKZ5O6OIZF35C2NCTD3DHA,bix_adaware_1000576,2
E6I2QX5FSYLERVUKYLIV4JLL2E,bix_adaware_1000576,2
SXZPXXA5JYLX6HSTC55EQ4XZMQ,bix_adaware_1000576,1
5ZDUHJKR3E6BRXHWNUPAHOAPQY,bix_adaware_1000576,2
ML7C37TWHA53WQVIKMQY6D7BIQ,bix_adaware_1000576,1
AAD66KQA7SKMJNE3IXAYW6TQYM,bix_adaware_1000576,2
5N3HHVOKKVEEDAE47I3XIKWEX4,bix_adaware_1000576,2
E5ZEE6TGH6DCGOGDMISJX4DIEU,bix_adaware_1000576,2
VX3NES7WFGWJ5AOCUSFVEEKBO4,bix_adaware_1000576,1
U5QSH5P7YJFTSTXCX44VNM7PZE,bix_adaware_1000576,2
BYGL7H3W3EKOA6O2SJENRZWWSI,bix_adaware_1000576,2
HFVIAAVIZB54BLJZFUD7Y4FT4A,bix_adaware_1000576,2
KFTKG4OFTQWGDZ2B5H37LPVO44,bix_adaware_1000576,2
TTWESQW7KYO3CX6WTI4J7TS5K4,bix_adaware_1000576,2
4L5SFJZ6SMUW2PR25B3VXZOMBE,bix_adaware_1000576,2
Y4FDBULIZT3DNE5A2AEBLQWGRY,bix_adaware_1000576,2
CYV2JFYZYPHU267HEJWVJA2MRQ,bix_adaware_1000576,2
MM3TORMGBLAZQ3YROUIZ7NQZB4,bix_adaware_1000576,2
IJLG3733325NK634N5EYD6HPYA,bix_adaware_1000576,2
6L2U4FQKHQDP7VAABBPW422SKM,bix_adaware_1000576,1
ZJ2J6W62U5CJV5PJJB3LEGM44E,bix_adaware_1000576,2
MWJBWRGLQPUDPPMB3VF4DI6FOE,bix_adaware_1000576,2
HB52GZRGLP3JAUPF2K3RELB75U,bix_adaware_1000576,2
BHPWYI2A2ZKXMXEZCN6Y7J5HL4,bix_adaware_1000576,2
OCVX76YFS4B2KP3K5DJS4RIHUA,bix_adaware_1000576,2
K7WGGX24LFQ5R4NUWH6RPN6OIY,bix_adaware_1000576,2
ZX4VQGEI23NXL3XJYIFV3PEETY,bix_adaware_1000576,2
522MIW72IC4DUZOE2GP77Q7KZA,bix_adaware_1000576,2
QF4KVK2DKGU4C57FHMFRRMWWUY,bix_adaware_1000576,1
YC6SO352CV6CASTIEGVFQXCABI,bix_adaware_1000576,2
3T6JBELOJ2EV4PBXJFFBO2KVWU,bix_adaware_1000576,2
WUSG733BDPGGB3ISCLLMX7W54U,bix_adaware_1000576,2
FJ6XSAQHA6AO4FOXLAIV4DPLSQ,bix_adaware_1000576,2
PQK7O3OJHAJWKTTFCULVYKOYZA,bix_adaware_1000576,1
A56IJ4WH4I43NQVWWUL2M4JVKU,bix_adaware_1000576,1
3TPZUJ2W2DPV5CQ36A32WHUUW4,bix_adaware_1000576,2
TO7YYPCMZPYW6NVGFV5VINGMPU,bix_adaware_1000576,1
OM73M6C75RHJY45WGJWUDMQMY4,bix_adaware_1000576,2
ZDFQDD2HCQMOX7T3C7RSJRW5TU,bix_adaware_1000576,1
CRVQRXKUHDMSCUHFEODNNVRZV4,bix_adaware_1000576,1
WYOFBWAIQNCOWCY6YEP4F7RN54,bix_adaware_1000576,2
IBXZSP5Z7UNXLBVMENUTM4EF3U,bix_adaware_1000576,2
ACOEAAXRC46Q22GAG2HMF4YOPQ,bix_adaware_1000576,1
G725G4VFZOYL6SU5BFXSVYCGVU,bix_adaware_1000576,2
WW3JLDFGQAB5RJBKSKYHE45SLM,bix_adaware_1000576,2
NCOASILUCRLLWBQEHCIVZ2QMQQ,bix_adaware_1000576,2
S7Y7MFLKGVD4MKREEKYVUUYYCU,bix_adaware_1000576,2
4PFV3WWVTGBT7AKFOIX6FCDPZI,bix_adaware_1000576,2
CWPPKNM5FAS5P4BWKMD7WYNPQE,bix_adaware_1000576,2
JYZ3XWFDKVNSX2OKH6ZYGME2KA,bix_adaware_1000576,2
NOISTOZUSL7SJFJW5T3TGKZQKU,bix_adaware_1000576,1
EERIHRHDENJTZOHS5HYEU4K26M,bix_adaware_1000576,2
4L7WD4RL3PMN6RFY2FHPJI3AJ4,bix_adaware_1000576,2
7HI2ZQGVDFI75IBAA2J24SHOFY,bix_adaware_1000576,2
BPRQZMOID5K6RZN37FZJU5K5YA,bix_adaware_1000576,2
VHIHVA6MTCBKBKUYQARZZZWMMU,bix_adaware_1000576,2
JE6NCSX5RWKZRZAQ62DK7U3NIM,bix_adaware_1000576,2
MCMZR637NJO7653RA2CSWPTFWM,bix_adaware_1000576,2
47CSPFQU6HMFLD7KJNLBCGNA3U,bix_adaware_1000576,1
T5MWLJJFFISCQJNZFEEIDUL7XU,bix_adaware_1000576,2
7UF57SLN55V5ADI74YICWSJ2HA,bix_adaware_1000576,2
R2K47SSCDIP2HAWSR7WDNWJ22U,bix_adaware_1000576,1
FL2SFTZZ527DIWYI3AMQYXSVYQ,bix_adaware_1000576,2
SF7OS2PUTAV3RVI7RBDQRWRFB4,bix_adaware_1000576,2
WY2TMAQ3IGQOZGFSEEH3M3URZA,bix_adaware_1000576,1
LF2EM5IS34VUH2F5OZKKD4J2VU,bix_adaware_1000576,2
UEFOOGS5SROHIPG6NPXG2TQ3K4,bix_adaware_1000576,2
KT7S4XR6YLD2RI2NIXFBNS3BIM,bix_adaware_1000576,2
NORIQDDIWO7TGEJCCA4MLLUALM,bix_adaware_1000576,1
53HXARXSDT6EZKKYIPTGPK3IAU,bix_adaware_1000576,2
CDOVIQEXKCRZRSBFGYYW3SSGNQ,bix_adaware_1000576,1
J65IOLJL6AMSJL5I7RZSLYYCDQ,bix_adaware_1000576,2
WT3ANGNINHXZCBBZCKYDBWSFO4,bix_adaware_1000576,2
YLTAQY4WK3ZDTDLMAH55FBNW4A,bix_adaware_1000576,2
4SKMUJQWV3SLI7EZPK65P2VFQE,bix_adaware_1000576,2
3YRVK6XPEPUCHY26Q5U22NZLOE,bix_adaware_1000576,2
OPSTQLOLY4ITCUWFXARNROXJ7I,bix_adaware_1000576,2
2U2OBGZ7CUNYR7OE3WZSFE4624,bix_adaware_1000576,2
BSKZOPRV5KGLEN25MIIGEJVS64,bix_adaware_1000576,1
IMZ2ONU62TNOVDCIDMTOUMWLGQ,bix_adaware_1000576,2
MN3UYC4ZCO3M265MFSTGATPPC4,bix_adaware_1000576,1
5W3LODLEULIN6BQC26BQ26XIIU,bix_adaware_1000576,2
D2P6PWX3BHTN5TJLGEQG4NCDBE,bix_adaware_1000576,2
D57J4FGALF6LPAM54FE2IS3B3E,bix_adaware_1000576,2
CCXV4D5PZNTVP4KWEKF3NYMWWY,bix_adaware_1000576,2
ULQDUUHSZ2XJNSCMRATHX6CSPI,bix_adaware_1000576,2
5ISE4QMJBT63RDASMU4DHEQQKQ,bix_adaware_1000576,2
RZK4UREC6ZVMY2O6ZBGLPR6ROA,bix_adaware_1000576,2
EF4KWCKAKBOHZUCEDBRZ2MEWIE,bix_adaware_1000576,1
T4RWSUSU4SRHA75YBHD3IWOKFI,bix_adaware_1000576,1
TF7I6SKC5Z7USGY3BSVWSPGRXM,bix_adaware_1000576,1
QTFYTI5J465XMF2KE6L5TRUQXU,bix_adaware_1000576,1
DCSWTJCH3UZJZ5KADP2A3JTRUU,bix_adaware_1000576,2
PNBC3K26ZL74BXBQ3NZOP4HTEY,bix_adaware_1000576,1
7RBA2ZEUOV6OW5ARNA4EXFTOL4,bix_adaware_1000576,2
NF4P55CIZJNMBR6TVXHVWTFRWQ,bix_adaware_1000576,2
MUFGQRFIKSFTUESOHIJ2L6WZZY,bix_adaware_1000576,1
THXDV7P5RI4ZQVP4Q427UWMNM4,bix_adaware_1000576,2
TNAAJ2GGLVU7KR5Y7P22DG6Y5I,bix_adaware_1000576,2
FPHULTI3WQD6ZQFLDQARUEANGU,bix_adaware_1000576,2
LIVCLU3OMT24QM6ADAPGH457KQ,bix_adaware_1000576,2
HS2DFFUJ6TMFTIV3YFBGA7XJ7U,bix_adaware_1000576,1
LU2KXCX3GSCDRJ2UYVXRY5UK7I,bix_adaware_1000576,2
EW3XXKMWWV5F63B2VFIY4Z33HM,bix_adaware_1000576,2
BRECPOK6RLN6YORIZZRK2RBOOU,bix_adaware_1000576,2
ICG7ZPS4YJAP7RQXQESMYEB4EI,bix_adaware_1000576,2
E5CGCSVT6WMWXJ3LKSE23W5CXE,bix_adaware_1000576,2
UPA77HUTZL65D7EYA7O3UN7T3Q,bix_adaware_1000576,2
XC6H2OPNEYLM3EGHR3K2RJSMOQ,bix_adaware_1000576,2
UXYJY2UKQGFR4WT4HXWPBSS6BU,bix_adaware_1000576,2
3A4QFCOKN7K7CKTBQ2IZM6EXTA,bix_adaware_1000576,2
BER7SYGXTDCPFM54QDHHGZQSSI,bix_adaware_1000576,1
IDFKDSEMJ4CQDMKPCBNBJSMJ2U,bix_adaware_1000576,2
NLTVEAN245GGWN3BAGNBFP2H7Q,bix_adaware_1000576,2
KPR46QQVYFVT666LEWOCSSXBHQ,bix_adaware_1000576,2
WNLZIZF6O7U7XTHW5YVNZFND5U,bix_adaware_1000576,2
A3AHIESXLIUBQ2J4VREVL26HLI,bix_adaware_1000576,2
FNWB4A65GX3XDSC64JYKIPQMFU,bix_adaware_1000576,1
3ZCRBCZEK7PABO6JZA6EFNK5YY,bix_adaware_1000576,2
NP4VMCRN4LYA2XQF524YIJ2ZJ4,bix_adaware_1000576,2
2AUV5XG2YSXRHCGSQ2ZTSVW7HI,bix_adaware_1000576,2
XBC2GACNJJ5UVGASN624EP7DQU,bix_adaware_1000576,2
PJ4M5IYW5WNM7S4YBS37SXDCF4,bix_adaware_1000576,2
VC74NN4SWZMF2TRN7JAVHBJ37A,bix_adaware_1000576,2
EQYEHKLCRJ3H4SHKQHFJERUPHA,bix_adaware_1000576,2
AOJ7FP6JD2YJ34V7OP7YLDGMDQ,bix_adaware_1000576,2
IZDZAMSBASJNRMODXILU5XS5GM,bix_adaware_1000576,2
NM2LTHUPQCWHA2QKJY5NPYWR4Y,bix_adaware_1000576,2
UCYGSXE66ZO43AUBHOIN7TDJYA,bix_adaware_1000576,2
PKBOEVDLUWWF6YLD4MI3LNX6PU,bix_adaware_1000576,1
P2LEBNHJI464J2BLNVXMKZODHQ,bix_adaware_1000576,2
XA4SWVBTMRTPS6YJUYXXDTYOPA,bix_adaware_1000576,2
76X7SMQMFI2OSJE5MEEAF3DL6E,bix_adaware_1000576,2
E3JAV2EN5V2MYSNWZ3UL7OW32A,bix_adaware_1000576,2
ISS5YCUB3545XYLIEQ4TKUZFHA,bix_adaware_1000576,2
Z57EJUFJWTYYZAAU5QOHVBLKNI,bix_adaware_1000576,2
V5UJ7E3BN2ZENA7PX5KDRQLAK4,bix_adaware_1000576,2
RDFB57XMXFAO2ZDT6VVCOO5TTQ,bix_adaware_1000576,1
RGG4XLVODNM66SMVWR6BJOU3L4,bix_adaware_1000576,2
IFFLCRDMUJH3WT2FHDSDOCAHP4,bix_adaware_1000576,2
IHD26YLPMWNCJVXYHPTBY7K3CQ,bix_adaware_1000576,2
FEMD7AAIE6MFDIHE2HWJFYIBHE,bix_adaware_1000576,2
ZCZULVZZXBMRXQONCLXCBAFQMU,bix_adaware_1000576,1
4B4SLNUSKUPKUYR4FJV4RRTZ2U,bix_adaware_1000576,2
GZWAKVYUJXUERJ5TY3YIR5Z5YU,bix_adaware_1000576,2
JAVBD3QNXZOJUZT7S7VR5JVJPY,bix_adaware_1000576,2
PLC6ZJPJ4ACLQIGGAMXUNIRPN4,bix_adaware_1000576,2
KKAW6G5LQ5APXGU66UNHNSTRIQ,bix_adaware_1000576,2
FLGODISJ7XBA4ULVYKAHYCUGHA,bix_adaware_1000576,2
ZIJPG7VFIX3QUYGQ5NA23RYWZY,bix_adaware_1000576,2
LA72P6VTZC5BJMF73BYM4ZC4NE,bix_adaware_1000576,2
FQM5BSND6W3JVWQF22I343WWUM,bix_adaware_1000576,2
E4ZATQOT3LTV6VP4WTDHGNKGOE,bix_adaware_1000576,2
DAZZ5VO4377IV6N47UTDHG7PBA,bix_adaware_1000576,2
KTWLNEFTFRKUDE5KYXZU547BPQ,bix_adaware_1000576,2
VBEDK5GGSJU26LNITSHERXNS2Q,bix_adaware_1000576,2
K4U2MZZT4ZPHJFVOCDQZJSAXEU,bix_adaware_1000576,1
W4MF2ODNTJP226HUWC4TAHQJIA,bix_adaware_1000576,2
LA5IZ64VU42SJID3E247F74A4E,bix_adaware_1000576,1
5RNDJQZQGM3LE3T5TD46OHPFAM,bix_adaware_1000576,1
CHMARO4BCHWVY6NDUMRUMZFLAQ,bix_adaware_1000576,2
MX46D5GIJY2C63YIC2J3HCSDHU,bix_adaware_1000576,1
F4KHZYU65O3WRA7ZGYZXUTV5P4,bix_adaware_1000576,2
GA4MAH2XHGOAEB7OKDIJ7E3WZM,bix_adaware_1000576,2
JKV4OEGM4ABY6PBMMJWAIWXOVM,bix_adaware_1000576,1
MOEG2ISZOLQG3Q6CVLSAUEXMYA,bix_adaware_1000576,2
B6M5KGXZL5T7KHMGDWOPK6SK3E,bix_adaware_1000576,2
A7UA2NUI7557KKLGYZ35G3J3TI,bix_adaware_1000576,2
F6522IR7GZG7AIOOIMATQKVFM4,bix_adaware_1000576,2
BTNX3JQ4QG75ELWHCEQY73KUME,bix_adaware_1000576,2
Q5YUBPOCU2EYN24MXCZ4MUHHDQ,bix_adaware_1000576,2
KPJJ4665ETDFL5HPNIYSDJ6YWE,bix_adaware_1000576,1
BG32DOGE7DUTABNR37VXMIFPKE,bix_adaware_1000576,2
T53WYTEONWFDIUTRWF62DGVFFQ,bix_adaware_1000576,2
YYJ32KUXUE4U3YNJNJZBOTIKUU,bix_adaware_1000576,1
RITMVFXPLFN7NYZUEMQ7HETMQM,bix_adaware_1000576,1
IN33DNB7SXLMMUCN5KYXRGURLA,bix_adaware_1000576,2
UQ7WZ4QIGCKU5DJ44QFHTK5DEA,bix_adaware_1000576,1
VJKVSJQF6LCUL3ZA4HTDUVSV74,bix_adaware_1000576,2
UA7Z3RFLIZQ2FTC5XMY2QU6CAA,bix_adaware_1000576,2
JMXGIH76RHZ4SWVYSHCHQOEI6U,bix_adaware_1000576,2
KHXXPU44Q5O6U7HF4BBAUSSVDU,bix_adaware_1000576,2
ISSNXEEIHFFVAO3UTCUNDA7MQE,bix_adaware_1000576,2
IPCXP5AJMSGKH4AJLVUTJ5RKYY,bix_adaware_1000576,2
WPWMRELWCWFDMZPHG5P7PIMHL4,bix_adaware_1000576,2
OTHUH2BNCRBSFXTNXQEZRI2ZXU,bix_adaware_1000576,2
BGGLELIJHNNZKBL5RWGQ57WHPU,bix_adaware_1000576,2
3GMZ3K7UFLEMSVZ4GD62A7DB44,bix_adaware_1000576,1
NGWDXK4YAFIJRM7CVO6YRQALQE,bix_adaware_1000576,2
4ASBI3PMTYARTE6AXKGB6JBP24,bix_adaware_1000576,2
TBGTFEFYQQJHXWANGXHDWPNUX4,bix_adaware_1000576,2
G4A7N6OSURT5WS7URX35QWNVNY,bix_adaware_1000576,2
636H7YZDAMLQI2UPYZIX3ZDZJA,bix_adaware_1000576,2
GKUX3VZBFS3VNMNTB47GKXRMPE,bix_adaware_1000576,1
ZBDZ6YQ3ZWTYW6TK63DLE4SZJY,bix_adaware_1000576,2
HXJPVHM2PGOS2D4J2UG4PJ3JBQ,bix_adaware_1000576,2
KRTYGBMJXLV3A7IM7KK4V2TXOM,bix_adaware_1000576,2
7BC5R4XOH7GAUIPGOZT36JTQSY,bix_adaware_1000576,2
3HZEGU2HI4JGZJ7PI3IMF5XBFI,bix_adaware_1000576,1
KTL3SUYGDEBSA5VUZHPK73LOZQ,bix_adaware_1000576,2
Y6GRK7TPXVKFM7Y5RQN6MPROXU,bix_adaware_1000576,2
RQFMJ4AYXV2EZCNXNXWI54O2TE,bix_adaware_1000576,2
V3PMQV2LSXEUUFZWGDKZGILZ6Y,bix_adaware_1000576,2
RWVRUJEH36G37NSN5NO5POWNWQ,bix_adaware_1000576,2
L7TDNLBATMINAUDXPFKUURH5LU,bix_adaware_1000576,2
NO3Y6PATFQAY7JJNDDNZKTFOII,bix_adaware_1000576,1
PJI4QAJRMHOX6MIXRIMSJOYYB4,bix_adaware_1000576,2
KMANKZITFHSHWF7BDPWZ7QGYBM,bix_adaware_1000576,1
AKWZC72ENF5MQJDTEHQ7HPNKBA,bix_adaware_1000576,1
URGCCZGG3YMHDAR56PMDEPXTEA,bix_adaware_1000576,1
JBA4TGEI5HWAD4NR3ONAW3JZZQ,bix_adaware_1000576,2
STRCQPFV5IRUA6IR63YOG4MSVY,bix_adaware_1000576,1
56RFJIQQMSCAVLYUJXSE73FRPU,bix_adaware_1000576,2
DLX7W25AS5E2GOI7PNPIFKOPJI,bix_adaware_1000576,2
KTYMXPAE34LRJJYCJ4UFCVDJBA,bix_adaware_1000576,2
UXDIUL6NCWQUZUSBIBVGFCKL5U,bix_adaware_1000576,2
JKFZQWULE2DH2JH4MIIOUDUH5U,bix_adaware_1000576,2
R2HFLY35GYO7GJMCP2UFMOVPVU,bix_adaware_1000576,1
PVF76NWLZMSQ6Y3NNHZGAQIVTA,bix_adaware_1000576,2
BZ3AUEUQ2ERXI3FMDIP52CNW2E,bix_adaware_1000576,2
FAROKGQCAKKI37BJL34MJBZEHU,bix_adaware_1000576,2
WQQJDL6UAU6FHVSJ3DRCCAJ6EQ,bix_adaware_1000576,2
HE425B5PI6Y3MOGRDOCDFVJNHU,bix_adaware_1000576,2
XOFAQUD5HH2NZUFK73YTDOHQJ4,bix_adaware_1000576,2
GVOHEKJQP42HR2ISPYQFPNLTQI,bix_adaware_1000576,1
P5CADTMWRF26OMEGBI7J7JLQAY,bix_adaware_1000576,2
XANIZBC4YZYUEY7I5EHREBXCTY,bix_adaware_1000576,1
C6A5U73U6VOLO6M3T5NJVAJRVU,bix_adaware_1000576,2
ZNPGR5IVS3X7FHBL3BJ362GLUA,bix_adaware_1000576,2
6PUWAVJNKMLPSOM4WZMGN43GYU,bix_adaware_1000576,2
UKHZ2YW6M7PQNHH7ABPZEAKDFY,bix_adaware_1000576,2
TH6OXV5G2JDUYPD6CUQSG3AF5Y,bix_adaware_1000576,2
R447ORPNNWDUQ2KOQ25XBGAB6U,bix_adaware_1000576,1
HQDO7R3F7KRT7RRVA7QST3XERM,bix_adaware_1000576,2
G65XU4CD256CLF7U6I6YOFQQP4,bix_adaware_1000576,2
WZWBGM4JH5AXHD65QZEELMKJAI,bix_adaware_1000576,2
FBMRJCDZLLFLZE5SJXE26ZCTEA,bix_adaware_1000576,1
776AOOAZN5SBJNXTFDL6ZDOYQM,bix_adaware_1000576,2
DXH62JWVULKEC5HV27CM5MQEKQ,bix_adaware_1000576,1
47U33NPUDN4EIGP4EZX367CVIQ,bix_adaware_1000576,2
KDEBE46K5BU2IBLN4W5SEABY5I,bix_adaware_1000576,2
6OA35S3GVJYVXLO3IK6E26RWOA,bix_adaware_1000576,2
FZ2KGRR2IVL2YRITDYVEDC6YNE,bix_adaware_1000576,1
7UNWJOOIK7EUFLP7B2AZAIJXRQ,bix_adaware_1000576,2
HUDOIY3MUUZ724FUCQFW3SUVXQ,bix_adaware_1000576,2
GNZU4ZZEZMJTXBFBV5IWPRNVPE,bix_adaware_1000576,1
6U3XMOKFADRVMOOCPTHCYDGYRI,bix_adaware_1000576,2
7GDQICSLWOSZ3UE2WEYJC4NKXI,bix_adaware_1000576,2
PC7QDOB5TBCRIZOQWVXZZQQYBE,bix_adaware_1000576,2
GOO2EBYX7JCTUV3WI2GXOTD5MQ,bix_adaware_1000576,2
2GB6CV7Y2R3DRVC5HYK6QRZQEU,bix_adaware_1000576,2
WTWWTQ6OCY7U3OTPRAJ4OFELOE,bix_adaware_1000576,2
F66AWBYN6F3UCJETCVM2EV2YKY,bix_adaware_1000576,2
H7K2VG5ZF5UXYLB365B6F4TMUY,bix_adaware_1000576,2
WMDX2QJNML33OSVRGYU2ZHMBWI,bix_adaware_1000576,2
IL7DQJW7DJYWD64HSB6GTY37YU,bix_adaware_1000576,2
7LAKIKDYAUSCG2CBZPOZJMFLRE,bix_adaware_1000576,1
323Y7NSP5KCNIRKIOT37YS7IRI,bix_adaware_1000576,2
FHNF6DLCE4RMOH67XMSEVZNHMM,bix_adaware_1000576,2
Q5SAJKNE5LOLJW4RNG773QBBLU,bix_adaware_1000576,2
LNWXXOH6DYVLVNKGB7IJJUQ6EQ,bix_adaware_1000576,1
CVDDJQTZ4G7UIWQ3ID6G2HK5DU,bix_adaware_1000576,2
U3LHU4VO77IQC4FNRXTFY7GYBE,bix_adaware_1000576,2
EJLOGNHE37MULBLUYC3DDCQQ2U,bix_adaware_1000576,2
JUVN7YK4J5EWY7Q6F5CTBARO44,bix_adaware_1000576,2
O62IOMADTQUBCZ2WCYPQUMLV4E,bix_adaware_1000576,2
GHR7X23C2J5OTBML7ADQQN5MUY,bix_adaware_1000576,1
TQNIF6EJMWSPDI2CDF2YLIB5QU,bix_adaware_1000576,2
Q2XN6OMPLCRILOU7MBHSDJG3CA,bix_adaware_1000576,2
B27NWDXOROEF3XIPFAYLWGOZ24,bix_adaware_1000576,2
2K7E7DYMCGETSBDNZ57E3MIHZI,bix_adaware_1000576,1
RWVKHFTZVIDBUNPD3FKY72K3JU,bix_adaware_1000576,1
OLNNWVSBGYEN755UGE4L7HN3HM,bix_adaware_1000576,1
LAQFF5TLMMIHNX6YV6D2DIY74Y,bix_adaware_1000576,2
ZW65EMNNJBCYXDMAQZ6KNLWW2A,bix_adaware_1000576,2
JEV6OAGLLACEX2US2OOOCAJ4DM,bix_adaware_1000576,1
VAGWWQGGRHFW3NFWL3R4ELGMLE,bix_adaware_1000576,1
WDPTRKOUEVJSOJBDPPGPS7SN5Q,bix_adaware_1000576,2
Y5MUPWEZVNKMWB3JY53KYCNTUI,bix_adaware_1000576,2
LWCFULDPT5CRHRZ7BVPKVETJNI,bix_adaware_1000576,2
TPYEHAAE3VAWYMJBLWBWNOAP34,bix_adaware_1000576,2
TGCXVPCENB7VOY5CM54RT4FAA4,bix_adaware_1000576,2
6DLI4MGYLHWGWJCPXDYAAJRAAU,bix_adaware_1000576,2
HAC5ECKY4HJPLFRFAJ4KZZ3TIE,bix_adaware_1000576,2
OQTMICLRWKFZPO4YZOWTYFP5EY,bix_adaware_1000576,2
MDUYTKJZ3TSQSASCQTYC5VPHFU,bix_adaware_1000576,2
2LAIWSZKMMKBVJB6SOJ6PB4ZKA,bix_adaware_1000576,2
ZLUCCZQKXSGU5PCYRKW3FIEEEA,bix_adaware_1000576,1
DCBXQXN6O2SSPTTMDHOWPL4DQY,bix_adaware_1000576,2
2OOXMDEDTCSWVUKNSA7COZM5JE,bix_adaware_1000576,2
LHYNRUVFZUYOKQ54WOZMA7TSJY,bix_adaware_1000576,2
D4SJWZKCBT44WOVUQULAFA5TYU,bix_adaware_1000576,2
U7VXIFTG2N7UARAIPH73ZVRHV4,bix_adaware_1000576,2
BF62CLDVEIPC5IASDN5STJSOXE,bix_adaware_1000576,1
OJM3ZELNZ3NFIHLJXK324KEDBQ,bix_adaware_1000576,1
5EDWZMU7GJG2AQJ5CM7ZO3EERE,bix_adaware_1000576,1
N2NANUIVETGDYK53EDOM55627E,bix_adaware_1000576,2
XQ2HPJE24K2W6UXULHU46KNVYM,bix_adaware_1000576,2
GRJUX7Q7IITPYZK2573SL7QCHE,bix_adaware_1000576,2
ZWR46KSRBBLZUIYNFB654IYW5Y,bix_adaware_1000576,2
6HMKF6EDIUKNG7ZCQTCHQYICJM,bix_adaware_1000576,1
BW2MWZ5FRXAHOB2DXPDVOH3624,bix_adaware_1000576,2
PI54HWQHLYCDPOZKNO7XR4HLCQ,bix_adaware_1000576,1
POPCJHI3ZEXB6AF6XUWUS54EVI,bix_adaware_1000576,2
CUTUCQGCEFLXKJXKXGH2X66EAU,bix_adaware_1000576,1
H4WTYD6YB2APEAZDT6ZGSI7DRU,bix_adaware_1000576,2
BGTNC3MEJT7OW67S25BT45ORRY,bix_adaware_1000576,1
RZE5MC3DCR7EZAFBLEUNHEMPCA,bix_adaware_1000576,2
ZHCKU7FQSPI3WIENQC67FJ4ABA,bix_adaware_1000576,2
MJY4MJXMAGIQSCADNYAMLLQH5M,bix_adaware_1000576,2
RUP6EFGNUEU4A5TUGKK4ZD563E,bix_adaware_1000576,2
D2V245ZGFCYMUCGOD4GRLKR3QQ,bix_adaware_1000576,2
FH4KFF6WSCUFDG7ED5JEMBLBQI,bix_adaware_1000576,2
HYFKYWGL3HMVFVI4ZYLHET2MDQ,bix_adaware_1000576,1
TP4WKRBAPRULLEVN6EPKW2AHHI,bix_adaware_1000576,1
Y36N5AKBN2HEOGSSAEQ223ECCM,bix_adaware_1000576,2
KFU77FFIF5WNZ2MPM6P4UFYWP4,bix_adaware_1000576,2
WO34JOMACY2V6XVXA5ISEP4CFE,bix_adaware_1000576,2
VOVACA274YVUTZKRTSS46JYIXY,bix_adaware_1000576,2
PZ3CBZEN5XMHBTSTKCLFRPNSHQ,bix_adaware_1000576,2
Q4LJ7UXS2LLSCAWCRGKO77ZFBQ,bix_adaware_1000576,2
F32RWVCBARAFDHKBP5WSHAVDW4,bix_adaware_1000576,2
HW7PL6UYMRIZBUVLBHDM4JYCRI,bix_adaware_1000576,2
5A4BODN3MPSY6TQFKEHWAYI2UA,bix_adaware_1000576,2
HJQCAE6RMYMQZYAR77XOQQLO4E,bix_adaware_1000576,1
YRV7SAGEFWK4UPHMWBHTHVAJN4,bix_adaware_1000576,2
L4FW3HZHEROIZIGI5IEVYK3AAE,bix_adaware_1000576,2
UDMGV4HGUDT7UH2JJBJASR2JWM,bix_adaware_1000576,2
W2JZCWZ272CXX3YCK3LTUFLMAQ,bix_adaware_1000576,2
62KEFFKWDGLFEE6MYKEZWSEJYU,bix_adaware_1000576,2
LUTKGERAQLJ2NJKDWGANR2AI7I,bix_adaware_1000576,2
SJ3SMFGMRSJEVKW24I23UL2FZQ,bix_adaware_1000576,2
W5RP22U4QXLBA2B4PBHOE5EREU,bix_adaware_1000576,2
GPKHOKB5SJI533FYY6TVO6KBCE,bix_adaware_1000576,2
RG5MIV32QYYEQHDPY3GJIXUESI,bix_adaware_1000576,2
IME2WTVA3MKC4XRKJLIPXIGUIE,bix_adaware_1000576,2
S5V47URSVZ6QP6CPB76JYXLSMU,bix_adaware_1000576,2
4V5KM6HMREYAUITFOUOUGIXDGE,bix_adaware_1000576,2
V2PQ5JLHFIEJEUG56OF5ZEPR2E,bix_adaware_1000576,2
HIY7LAJ47NSNG4GR3A467GK6AU,bix_adaware_1000576,2
4BWDRPXJ5XOBZXSHYWO2OR2G6E,bix_adaware_1000576,1
MU4F7M3NC5YFTWFJQ7LA5UU5AE,bix_adaware_1000576,2
JDCG4KICUUZZGFVORSJLYA7AXM,bix_adaware_1000576,2
4ER4IIB4JXHYBC4NZQJE2ROA7I,bix_adaware_1000576,2
VOGM5VFMXECPKZ34PZTCOPPDYI,bix_adaware_1000576,2
SGLJBKZSF4A6GLBXRB2UUON2OQ,bix_adaware_1000576,2
4EIPBGBB5M5NONR4OJGCN6EB7Q,bix_adaware_1000576,2
TXLH23GBSGJFR62NUJGC7M2TVA,bix_adaware_1000576,2
CML4J5RBA6STWHF4A7DKGZFGYU,bix_adaware_1000576,2
VTMGVSF5RHGAPIIY5ERECZ6AV4,bix_adaware_1000576,2
CEKLUH6PTL2ALO472MBM647JFE,bix_adaware_1000576,2
SQVJJMXE4LQIPFOGHGM3D4ZKYA,bix_adaware_1000576,2
3DYSGUS3SPIKDZ2YRA3USJ3LKA,bix_adaware_1000576,2
33L2QVJDKKBNWV6TBXYZUHRPWA,bix_adaware_1000576,2
EDOMPV3LZ5BFKLI5YBQRXS3LN4,bix_adaware_1000576,2
PPZT36I4JKKU64K5MLMIYKJOGM,bix_adaware_1000576,2
K46UFM7VXDLPGZKAPMOCSHQOGA,bix_adaware_1000576,2
T7MFMFBWEOX4T23UZMCPQUGE4M,bix_adaware_1000576,2
IBOTPQ7BVTXP4G5UMJS3FJI4CE,bix_adaware_1000576,2
EONDXQRDIEMQWJHEJCD2Q7ZIBM,bix_adaware_1000576,2
MIHYF6QZJ4LFUOKKJKKCZMLR2I,bix_adaware_1000576,2
5WQRISDJSKG7ELQRGSPMQT4T3M,bix_adaware_1000576,2
BGWOTA4QXU64AFUQNA74QYSAIA,bix_adaware_1000576,2
HESWZUGASXUFGRRMJH2BQJ3YKQ,bix_adaware_1000576,2
GWOB6PGPFMJNGASBOWCS5P2I3Q,bix_adaware_1000576,2
FCRZTOO6FVYTYG2RFX3HAW35AQ,bix_adaware_1000576,2
VJI32AGBRPFP55TXG6RK3MFJXA,bix_adaware_1000576,2
MGURMU23MYR4QSLMDOZFJP6GQM,bix_adaware_1000576,2
ARMS5F6LOTPEHVO57I4KWEZG7U,bix_adaware_1000576,2
2SOFZRZHDQIVF267SYMNCLJQVI,bix_adaware_1000576,2
LCV7P6LJSWVFST62Z5O3FVK3DA,bix_adaware_1000576,2
GDHQJUKDGYQHVPQZYIUXVOZYSQ,bix_adaware_1000576,2
IIOZS4TQLR2W5IB7B2A2FICKAA,bix_adaware_1000576,2
ZDBESFSWN3K62J6OMXJWCS2DFI,bix_adaware_1000576,2
VBRQ5QHB5H2A675AJIQ4IWZGSY,bix_adaware_1000576,1
UJQ2XQF5LPJTRIVUFOB7HHKVO4,bix_adaware_1000576,2
4GGEWAZRX6YSITLFFIMPWXRNUM,bix_adaware_1000576,2
4Z7PETKBAOOAWBSFSK572WNGRQ,bix_adaware_1000576,1
5HSSFJM2S5MKML73YXRMCZ5XRE,bix_adaware_1000576,2
NWEXNFIABMVBV6A4TBZBSLVGIY,bix_adaware_1000576,2
UZSJLUGK7EERGWKQC3F7AWQUWI,bix_adaware_1000576,2
HAL3TFGEGFA57RWUSC6EKP46CU,bix_adaware_1000576,1
FIZQ3YHHQS53JRZYFLLS35DY2I,bix_adaware_1000576,1
NJKMKE7P6ZL2ADZFAGLY2HOT3U,bix_adaware_1000576,2
H2VSBKQVMGWAAXGSSA4G2OCKIY,bix_adaware_1000576,2
NHGCBDVNUYB4R67USOSDQ4L3LM,bix_adaware_1000576,2
OF3USWUNEMAKFJRI2IHVJDDJNQ,bix_adaware_1000576,2
HJW2SLL64VUH36MPA3MB3T2QUY,bix_adaware_1000576,2
B7EK6DC47BBSJU4OVU3C24YIOY,bix_adaware_1000576,1
V4ZFPNFRRGMXKLABU5I7RHVRRU,bix_adaware_1000576,2
W5ST3F7ANJZNY56L6SVQP6ZKSU,bix_adaware_1000576,2
R52VQYD3NGUTOAPELV4ZCSN4ZE,bix_adaware_1000576,2
OMJPQ7DS5YX2HLJWIER6SV3RX4,bix_adaware_1000576,1
SBMO5ANUFFQ2UUYE6KNWY427GU,bix_adaware_1000576,2
MZSS4ZCEBELZSYVDCUTY3FPJSE,bix_adaware_1000576,2
GQ7FHTFHRNPELNXRYLUSJQ7I5I,bix_adaware_1000576,2
D4PIIWNMULYEBYCZ74CZKLKOLE,bix_adaware_1000576,1
74DOA4YOTHPBXNJBPIPWWMBSFA,bix_adaware_1000576,2
AYBFMCEU2FVYBCYCOIU7DAK2EY,bix_adaware_1000576,2
7EKK7LDFGYURH737D23UVKWX5E,bix_adaware_1000576,2
V4V63ZORG5XHI3JE4SQXDL32D4,bix_adaware_1000576,2
BF6E2JKURST22KN2T4RED55CQE,bix_adaware_1000576,1
U5S4BSZ57WATILSQV3T3M7Q4ZE,bix_adaware_1000576,2
DTMS2FBR7KR5AOWMDKEFPPFL5A,bix_adaware_1000576,2
YO6QCVPWNJM3U6MXWRHZWQXWSY,bix_adaware_1000576,2
G2BJGXWPVO7ABU7VDBISK7WBQA,bix_adaware_1000576,2
3FBULTJIRDMST6JL2TZA4Z7EGQ,bix_adaware_1000576,2
KPIYHBE3RCH7KHVQJZKQXN6SPI,bix_adaware_1000576,1
NCCDHRELQ3BZPAZSMHTY6CWGVA,bix_adaware_1000576,2
4RQ2DTA3DYWOP3H7SG4ZVVBKMI,bix_adaware_1000576,2
RTFRH3C7EGNFX5I62DOEBQIAWA,bix_adaware_1000576,2
JHKHQOAIV5XNKT4MLSC5A6AAH4,bix_adaware_1000576,2
SX6CQEVDPKV3M2PXAFB5W5MGOE,bix_adaware_1000576,2
STQZYPH7O3NVKIORKT6YI5E5CE,bix_adaware_1000576,2
WUVQKYWXO4425SI6EPVW4BQMRE,bix_adaware_1000576,1
R7REX5JOI2A6NULCKIGJV4IQBA,bix_adaware_1000576,2
EL6LAVJQJZZRN5X6OWFV2EKABQ,bix_adaware_1000576,1
B2VYHQCYD6W22QS2VIOJLGM4KA,bix_adaware_1000576,2
YELKVKJMXLYEWUZVYAC3RA2JGI,bix_adaware_1000576,1
SYXSDXNYTT4DMHVPX22FZ4NWE4,bix_adaware_1000576,2
HKL2WOUPVCFCL5CMOQ7KUAPIY4,bix_adaware_1000576,2
IEWF26NCTA4T4Y64NHPLGCUGSY,bix_adaware_1000576,2
3LH4ZCEFXLGVYZFZORK2AWZ5SU,bix_adaware_1000576,2
K3QBKK2X3YFI2RW7C4FU2ZRF3E,bix_adaware_1000576,2
B7Y7IA2CTCOUIGC4MHNVAQJOAA,bix_adaware_1000576,2
ZPZ4CPUP2BT52Z5TFSOBTVDAFE,bix_adaware_1000576,2
MMTABU54XNR5ZJSMJJAA2MDUKA,bix_adaware_1000576,2
OQFOXO77HOD4J4LULGWLQUOAIA,bix_adaware_1000576,2
KJZPT5HHC5Q7XPO64OWGPS6R5M,bix_adaware_1000576,2
ULYPY472DGANNRX6CDTWMQPQZY,bix_adaware_1000576,2
VQVBQD73GDAD7OXVOUJBJMLO2U,bix_adaware_1000576,2
5C6ISPIIBQTCHHPPPGVQBAGIPU,bix_adaware_1000576,1
MNSLYOVWWQQ73WOFNSEB7E7U2E,bix_adaware_1000576,2
NQHGBSR7NB37CNCUTQIS7FCDCI,bix_adaware_1000576,2
LAODCDU3CPYPUKLU2HSEDZRO7E,bix_adaware_1000576,2
SMJZF3IK5WQLBO2XIV5ZVCSIT4,bix_adaware_1000576,2
BZJ5STV2ZFZ5YZNMY3JL3YMEDA,bix_adaware_1000576,1
UL5F7AEZ4EKG3NNMPCCVCKCJVI,bix_adaware_1000576,2
GCXJQ62MKBOEMM7A64WET67VVQ,bix_adaware_1000576,1
OF2FSXKEYBSIMHG7YIBPAH6QFQ,bix_adaware_1000576,2
5JH4EFFDOTC47AFSF4IH6JQUYA,bix_adaware_1000576,2
4VUE6YSB7HKHMYX3LHEEEZQ2IE,bix_adaware_1000576,2
D7TVY2E2M3MKSGCDMPJ6PQITLY,bix_adaware_1000576,2
YMUUMPBWSYFOREDRZPBIX2HIFI,bix_adaware_1000576,2
ZWR2EJAXS7P63W2JAB2SE477VM,bix_adaware_1000576,2
KY22J756ZIRT2NVPOKKQ2V4Z4M,bix_adaware_1000576,2
RGHOYIFVFUVWRQ4PGFXSRLXNTI,bix_adaware_1000576,2
2JIMX3O4SPPQJHDGUAZ3NRMNCE,bix_adaware_1000576,2
3O6RAPJDB6GGEA37YJWCQEWRZE,bix_adaware_1000576,2
JVD67XOTJX7GL5D2LAVTRVYWE4,bix_adaware_1000576,1
D66SK6NRW3GGBCII5KKKQAZHLM,bix_adaware_1000576,2
HTZRQDPNYQCVG44BAHPPQ7N27A,bix_adaware_1000576,2
QHHPXJOZNIZ37A35FIPKI2UTIY,bix_adaware_1000576,2
PK6X7U5RFHTDEKPOWMPEY5DRKI,bix_adaware_1000576,2
7GI3VDA25F4LGCZTJRC2H5RYM4,bix_adaware_1000576,2
J2OFPERX7YFBBDCS2LIJIFJ244,bix_adaware_1000576,2
N3CLKOHN3B2YOFZOL2TTDM5HWQ,bix_adaware_1000576,2
VWOFFFS62OQBTX2WQRH43KMPBY,bix_adaware_1000576,2
PVBQ2RF4FWKY6ZMMD2SOHCNXEA,bix_adaware_1000576,2
NGWZ3KKFPWHBEAHFXRGZZ33GRM,bix_adaware_1000576,2
UJWZNDXI6BCYGPGY2WSY7B77FU,bix_adaware_1000576,2
7RR7NYXXI4NGKQ6O4TVAZJTVB4,bix_adaware_1000576,2
BVESDENHQGWBHMWS5OHXCGBP2Q,bix_adaware_1000576,2
NJWY2IEIDH7L566P4AJ2QGYBBA,bix_adaware_1000576,2
PGYPFLIFKFSGAMNF44YM5CFIOU,bix_adaware_1000576,2
5RJRQYVY5FGVVW27H63DV77ABY,bix_adaware_1000576,2
C4EV7OMWYCSJZ746XSFLZ7XL4I,bix_adaware_1000576,2
CPJB3Y7OCTUWC5ZOELAPIUCVKE,bix_adaware_1000576,2
2ZSIKW7J5FKX4AV6XHQCWFX3GE,bix_adaware_1000576,2
ILDEN2G47HRYNPJW7HPAKWYMQQ,bix_adaware_1000576,2
WHU7S3WJYBPIYAFKF7FZDIAA7E,bix_adaware_1000576,2
2OXE53FWVP2T6R5L6QJNK6ILFA,bix_adaware_1000576,2
FMWXCQE4TEK2LURYB3F3LUUQNY,bix_adaware_1000576,2
7LJPFEY62T2EMQ5HCEXMM5T5FQ,bix_adaware_1000576,2
75MVGVPNLOPDMQQYLTCNF543MY,bix_adaware_1000576,2
XOYNCH76MMSTS3J3NLG3PSDJCA,bix_adaware_1000576,2
SKA2GB3JFLII3K2J4ZKZLC6ENY,bix_adaware_1000576,2
DBMGQJJ2HAGNYXCTMULAH4AQUQ,bix_adaware_1000576,2
CBYYVBIGN5GBA4OCDC3EUAN2S4,bix_adaware_1000576,2
DA6TZIHGCMB43OUEK474DPISX4,bix_adaware_1000576,2
KKVQ3KP6CEZNISM2D2UCILLGMY,bix_adaware_1000576,2
HZ46SVCXZQJWNCQXUXCDOFLLPQ,bix_adaware_1000576,2
3ZKTBW7MWYIVVFUFNPGPJHS2NA,bix_adaware_1000576,2
3GLUBMQEZNVPOYEQZRAHGCPSFI,bix_adaware_1000576,2
6PPMSLJOBQPHL3KMJBQUPSARA4,bix_adaware_1000576,2
T3EVRJA5KJEBX6CUT5RRAYPK7U,bix_adaware_1000576,2
4IYJTRZTLVPMFCW5ZLKVI2XTBE,bix_adaware_1000576,2
N3TZX3GBRWEH6OFY3JDDTJ3JSU,bix_adaware_1000576,2
FQXJC7KIVMM2H46JVC6PJUOWBM,bix_adaware_1000576,2
2AKG2CYNWRUVJGD3BNKWILYUCQ,bix_adaware_1000576,1
7QVQNGQRPVKZNGMCU45UQUFFQ4,bix_adaware_1000576,2
QAVNAV6AXHQW4PU6OCSJTRM7GY,bix_adaware_1000576,2
ZPUL7HA2KD5BS3J6CU4IN64ERY,bix_adaware_1000576,2
YRS3CPILVX4VD7GCHKS4ZNHUJQ,bix_adaware_1000576,2
2SPO3KXAIZ35XAO5FZVU2ETZ4I,bix_adaware_1000576,1
7BV3QOHYQQTDDAYGNSYKQG7GAQ,bix_adaware_1000576,2
MCPHXZK5JBKXDP5ISR54I5KNXE,bix_adaware_1000576,2
5UXFF3SHQKFTPLD64FHATO5TKI,bix_adaware_1000576,2
AQPAK7LUXQG7ZMV5PA2WYUEEWM,bix_adaware_1000576,2
OK5NO3LMSP72Z5WKSVOHFUF6DM,bix_adaware_1000576,1
TYE3TATJSODLEEFPXQRYIXBQSA,bix_adaware_1000576,2
Q5BCHWKBJB7MYZK43GM6AJW52A,bix_adaware_1000576,2
GHJOWDFRG57MSFNPYGQB4HSXSU,bix_adaware_1000576,2
NAENTVODACMR25CMTQTJPRHB5Y,bix_adaware_1000576,2
CWW2HLHYUPDAO665JUNSDVJ3PE,bix_adaware_1000576,2
C2MRHN2YIDKWBGOPF4CUFOU2LI,bix_adaware_1000576,1
V4HFQLMGILG2JCPUPZCSD6AQ5Q,bix_adaware_1000576,2
NOCKG5FO2XQAG6OF3OMVQ7RWPU,bix_adaware_1000576,2
PGINPVTUYZVDUDBOXOWYS2G7WM,bix_adaware_1000576,2
DRIXAXSONHNPNYCOTYZ3FNCJB4,bix_adaware_1000576,2
XJ5MGUHVXZI7W5KZTQ4JYVKO6E,bix_adaware_1000576,2
IDABNAJSV5JT6WHXOBBSFLJ5XU,bix_adaware_1000576,2
FKREKPU6WWUWUCZERTORQZHD6I,bix_adaware_1000576,2
SVJSLCJV2NI7HKRQO6DS5KSWTA,bix_adaware_1000576,2
VZ5X4QQBTVGIYKHS32E66XFIQI,bix_adaware_1000576,2
4MB3H5IWMFEXFCTKZ4FUUQVH6Q,bix_adaware_1000576,2
H77T724TN6THFIRWJHQAP5MQOI,bix_adaware_1000576,2
JK5XUGMY7IIVIXTYQILEJX4CLY,bix_adaware_1000576,2
QBTJ4TUO55KAZVLAO32P4TTHUY,bix_adaware_1000576,2
ECABQW5WBZZSAMPK4AVHF6SF5Q,bix_adaware_1000576,2
JUUJZDQUW37H3MRXM6KO7SXOJU,bix_adaware_1000576,2
BSUNWFBMPQKEREO4XRFPOKMPLM,bix_adaware_1000576,2
3EXHZR7HWJA2RLZMWE5IEBBQZI,bix_adaware_1000576,2
LWQMU3FUANFAR6QFBWUE5JHYBA,bix_adaware_1000576,2
43PJRPVCDBABOPFRT65OBL4QUM,bix_adaware_1000576,2
RS3QLCTO4ZN4T5TOAYCY5NY53A,bix_adaware_1000576,2
S3OKBLGWFQOMJELD3AKT4OYEJY,bix_adaware_1000576,2
PRVRQ3OG67S3AYCD3ZW2SHGBUQ,bix_adaware_1000576,2
Z5QUJTORMRFQV2ME537BTHCPQM,bix_adaware_1000576,2
PCKJVGIFGD3M3FERXHI3W42ZJI,bix_adaware_1000576,1
EZHGDPCNIHV5ZMVMXF6P2BYFQA,bix_adaware_1000576,2
MUGVYPSF6BVMZSHR6M4EZTG2TQ,bix_adaware_1000576,1
VSZZHFKTT6IG6AJP6TJZAM7UWM,bix_adaware_1000576,2
DIAC5K4DGWPHBROP3ABNTZPJOE,bix_adaware_1000576,2
VTI624DZ2DES3JTKJ4WLA4CCCY,bix_adaware_1000576,2
HYIY5M36HHLRD25RMIA2LC7DK4,bix_adaware_1000576,1
OUAYYT5GZNW7FYKG7JLXYGTE3U,bix_adaware_1000576,1
MQJRSMYDUO3M6YRUFY2H4KGHPA,bix_adaware_1000576,2
ENKZCP3AVGWGIRAT76P7NYXPGM,bix_adaware_1000576,2
A2XQ2WQAWTGRYSSWT7ZES6VFJI,bix_adaware_1000576,2
WT2RID3Y56FUQHKLMKSHUYG3UI,bix_adaware_1000576,1
VLK44QTDQXJE4PWQDOBITN637I,bix_adaware_1000576,2
I4ASF5JLU7I3VAPZVTTB64MJAU,bix_adaware_1000576,1
4IEAE7TEKBVR7TFGLHJF5AH3AY,bix_adaware_1000576,2
CV6J4FMW64KFLTDWGOXO3RQ7WQ,bix_adaware_1000576,2
BVESCF5CV4BKUUUPV7Y2ECDZDI,bix_adaware_1000576,2
PZJXZSEI7G2PZBLXFRI53ADH3U,bix_adaware_1000576,2
3LWQJ5H6S2KM4AU2XSLN2WAMJU,bix_adaware_1000576,2
TWL3N45G6NPWXLRULSEYSYM4RA,bix_adaware_1000576,2
3IBVQLU2NJFV2HCKKL42VGXKUY,bix_adaware_1000576,1
JLX4IGJCP6BVJUU2UWGA2B6KYU,bix_adaware_1000576,2
YW2LDMVGMIXI4PY2S2ZWNU4EKA,bix_adaware_1000576,2
IOTE347RG6W2MPBU4DQSXL3ND4,bix_adaware_1000576,1
JMDZBXE3IWLBYUKNURJFVELP6U,bix_adaware_1000576,2
ZBARIXITKAGZW36BKYU6G26FPI,bix_adaware_1000576,1
66PAP7OGOFVC3HZ6V63PCW3UO4,bix_adaware_1000576,2
JNNYCPMCEV3J4LSIMBJKHJD4ZE,bix_adaware_1000576,2
3FBTAODKZPHZJJACE3YVLZGBMA,bix_adaware_1000576,2
L3DIRUUUH62HBVY5BJQMK5MWSA,bix_adaware_1000576,2
K6YHKZM5PVIZU25AL66EBQXH6I,bix_adaware_1000576,2
33DAFKJYPK3KJ3LCO2YSYWAMKA,bix_adaware_1000576,2
QG7WS7DNNMNQIHHWN2LLRIEF3Q,bix_adaware_1000576,2
SNPGZ4O6JKVKCQLABJ37VKHDDM,bix_adaware_1000576,2
OGAKLTHR4LQYDJI7DVXKOTUI2I,bix_adaware_1000576,2
EUJ74D5FEMXPDNLQ6LUCXSUXDQ,bix_adaware_1000576,2
G5HFRWONJD2KU6JBLXI23PTRIQ,bix_adaware_1000576,2
WOCURRVKVPUXSCP3UJMJPUGJAA,bix_adaware_1000576,1
QPWFPTTE3UR57ESPUA2MWITXYY,bix_adaware_1000576,1
WBSBT3GSYGCNT3FF6ILCMCBJD4,bix_adaware_1000576,2
HLKCXBEJ7QLWWAT5QY7DAWQBTE,bix_adaware_1000576,2
KSKHA2X62HQ6WO2HCDTYF2SDO4,bix_adaware_1000576,1
R4BMAU6CYMLWJDMZHXBEKUZQIM,bix_adaware_1000576,2
HSXECMCOFZUE3X7C6SGHCXE5P4,bix_adaware_1000576,2
J4QE7SFO6EYNNDLYNBLECMW3AY,bix_adaware_1000576,2
525LTEVPGU62TZFH5Q5GH6JTJ4,bix_adaware_1000576,2
C6NINP6IY4RLIUNFIFBY3NAYUQ,bix_adaware_1000576,2
EC25EMS4MDJ3X3HXVRNKOYY6LA,bix_adaware_1000576,2
DPKE4OMH7DXRIGTMAZLQ7YDKDU,bix_adaware_1000576,1
JSLB7U5RTIWVMCITAURALZ7ROA,bix_adaware_1000576,2
QSQRYNJMECD73DYC6FR4D3N33M,bix_adaware_1000576,2
BGJWWFSH6NHXJD3HQJXNL3TESI,bix_adaware_1000576,2
GKDQM7SG7QEKBY3NO4SGHVMWGM,bix_adaware_1000576,2
6VVQB2BMANS5WUY7DKLOIRHVZI,bix_adaware_1000576,1
HOQWYEJZU7WJ2NDVL4DUHMH6YQ,bix_adaware_1000576,1
ZVJ7GDOPJPXE756LOIVPHLJKNA,bix_adaware_1000576,2
64RT7EBLPHTN2I7ENDFALZJX54,bix_adaware_1000576,2
JH6GCP5NLRGC4CZP5EZTU66KCE,bix_adaware_1000576,2
CY3P2CZKLKLZWYAOXOBPO4H6CQ,bix_adaware_1000576,2
KSVCBSNVRKE64RWS5GE65TNL7M,bix_adaware_1000576,2
I3RV4U6XYZ65PFEOKISKSWSTEA,bix_adaware_1000576,2
KEM46UUVIHBZT5UDDO4CXFUONI,bix_adaware_1000576,2
TPQU7PUMQKWUIFZLS2JNMI7PAY,bix_adaware_1000576,2
PFZQKSZCBRPFEWRDW5ZZPYQZRU,bix_adaware_1000576,1
6RBL7Q6KC74BGLL7DGRFWGRYGU,bix_adaware_1000576,2
5GCDXYPF7SADMCWABXE6JTW6X4,bix_adaware_1000576,2
SCAY6P4AJUTRMMUI6WXJLWXXPI,bix_adaware_1000576,1
PTOTHBJ2SRS6NHUSIJ5CKBN4OM,bix_adaware_1000576,2
FZ2BEPYR3GGIBTNBSX6VSXY3WI,bix_adaware_1000576,2
IVYPLRXPP6TFWS2QJHOAITX6RE,bix_adaware_1000576,2
JS3XW2I4SK6Z4GJUEAUFPXNMKY,bix_adaware_1000576,2
HQNRTS47CUP7GS33SEEAGILKM4,bix_adaware_1000576,2
TPP4UF33DVSAMVPMKGRLHHOCZY,bix_adaware_1000576,2
INSCQJN3JWUQC5IC6VVMXFZRFA,bix_adaware_1000576,2
E7PYWR2WXWMHZK7ED2XTUCNRIM,bix_adaware_1000576,2
4JFYJS5TBOMID3JASPY3AU5JVI,bix_adaware_1000576,1
SIF35PDW4FGSSPG6AZZL3MN5HI,bix_adaware_1000576,2
MHLBI24MBVKDCK27A5YNPU3ATE,bix_adaware_1000576,2
LBVMBYPQ6KQZPKAXO4WVPSFOTU,bix_adaware_1000576,2
ALNQO2WYK2D4A6IFFWTNDV4ORE,bix_adaware_1000576,2
S55JOPCPJOXKWMTJXEJIWIOFPA,bix_adaware_1000576,2
7DZ3CU4ADPXPOM5DHPS6CTKNIM,bix_adaware_1000576,2
3HQHSBW5AXUU2GJ5WVENMPTFOY,bix_adaware_1000576,2
JFFQWTNEQP22WIAMICG424FNQE,bix_adaware_1000576,2
WDMZVG3YLYB7OBGVCEKM5DQ2ZE,bix_adaware_1000576,2
XBFA734L37YL7FCVIPAMYSPL4Y,bix_adaware_1000576,2
NMLTS6UPMSP7NS2NJHBDTAPPBU,bix_adaware_1000576,2
ZLBJTTE4JGICQLJIE4RPHXIZVY,bix_adaware_1000576,1
FBGJJKWWEGNUG7XDAFTPPJ6VT4,bix_adaware_1000576,1
WUNWIBOQFYCST4XFIECLZBT7OM,bix_adaware_1000576,2
GNRJGM7ATHNVFEMFRXOMSD52TU,bix_adaware_1000576,2
XQIGCCAYGF4ORDDWKLKHRVCUII,bix_adaware_1000576,2
TD5DGA7UUKYRXQYUNMHASFXHDI,bix_adaware_1000576,2
EFQMMOX4EMTZ4XTAF66S5JQY7U,bix_adaware_1000576,1
G3ELEQ6F6BZ5OLGP4RMRLXQR7I,bix_adaware_1000576,2
D6W4BHDLOJYNLG7NPEZ6S6PGI4,bix_adaware_1000576,2
XS5TUCYRLOULI35U64FJE3RUDA,bix_adaware_1000576,2
SNL6TA7SAI56OMTYBBCW3FHTJA,bix_adaware_1000576,1
X3OMAG5UHYT5MFDXOD6RDRRVSA,bix_adaware_1000576,1
AXOE7OEO5OLQDL6MQRFO7UPTAU,bix_adaware_1000576,2
MWKTATP5PUCYWLFKJYYJBWYCRA,bix_adaware_1000576,2
D3RD2477RVOGM4M2PMYGFVNTUU,bix_adaware_1000576,2
F6DH7SWQFFTB4COZ7WYY35K7AE,bix_adaware_1000576,2
UTLULUM75SK7F5B6Q757BNKI2A,bix_adaware_1000576,2
EZWVY3P5GUMD2I6HC2EUI4VH6Y,bix_adaware_1000576,2
T2XFWXJ75RUL5HY5L3ABO7HNSQ,bix_adaware_1000576,2
H2APWY6UXLZW45LA4WLKHXPHVY,bix_adaware_1000576,2
TEURJ2BEQW6GIESYDU7F74R5GI,bix_adaware_1000576,1
CUYQZSKTTFHUPYSFPLQK43ZOKY,bix_adaware_1000576,2
GUYKMK5LACOEX2RMWSYJCJBIUE,bix_adaware_1000576,2
CFHB3YRXIGZGYWNFSKDEOW2E3I,bix_adaware_1000576,2
EGAD47J6ZQS4VOON4W2PJ7LFQ4,bix_adaware_1000576,2
QWXVXONA2GLRZPLO6UKM7C2F2Q,bix_adaware_1000576,2
BYOGO4P2TTUNHDH4UEDIWXC3K4,bix_adaware_1000576,1
OLNUEUEBAQSVTEDO6IBWVPWKRQ,bix_adaware_1000576,2
BJT6SFSJVTFYI3RTF3ZNLAJTKE,bix_adaware_1000576,2
3DWJQWCYSPK5R2B6Y7MDS52LWM,bix_adaware_1000576,2
5XVRXX7OKZ3YV3UMDZZ4FQIXY4,bix_adaware_1000576,2
DNTU3FHLVRXZBBQJXOAU6DYRK4,bix_adaware_1000576,2
QMIH2U6ONTZSDHOGX3M7NFN3CI,bix_adaware_1000576,2
SOXHBUEB5Y3IGYOD5WQSV5WWVE,bix_adaware_1000576,2
CEFEFJKFFD57HUH6A7A3CCMNHA,bix_adaware_1000576,1
HNRHE6ZGKLREHIKNXOAXLOSHTQ,bix_adaware_1000576,2
BHBWWXXUCPO3FROG5XKPAACVVA,bix_adaware_1000576,1
EZDQ5NS6F3QH6DBUCVE6EYOXLI,bix_adaware_1000576,2
ZKCK2VYOM3NSTNZWOV7YSEVDGM,bix_adaware_1000576,2
CKORKYI22D45HORAW5WABSNMLU,bix_adaware_1000576,2
SVMZ4S5LLA432ZZOUEQ7KXKRZA,bix_adaware_1000576,2
EC3SHP3IAXHXF6KRLLUG7EWKLA,bix_adaware_1000576,2
KJPXAGMN7ET5LLW452ZDJAUWKY,bix_adaware_1000576,2
57V2YVFTP36DTJIF7KL2DPM7EY,bix_adaware_1000576,2
OG7VBX3DCVFNYKLKLGCHPOWQSY,bix_adaware_1000576,2
TLULN634ZFWJ7YEK3Q7CUWXQUE,bix_adaware_1000576,2
CDKW7D33WK47CW4GDVXXWJ7X44,bix_adaware_1000576,2
OXK6EFTYGFX3ZBGHXTWZHVZUF4,bix_adaware_1000576,2
NADY3I7DOPXTBWGSVN2RR6H5LA,bix_adaware_1000576,2
SWNHNFYCBROJJ3XQ5AUVLRG4F4,bix_adaware_1000576,1
IVOW5LCD4VHYF3IG6FCD6VX57U,bix_adaware_1000576,2
GIIIDTEJXXNDU65UFFT3MWD6EU,bix_adaware_1000576,1
TF3FLSWQK4TOOT647OSKBSDCBQ,bix_adaware_1000576,2
5X7PRJGAUM4R744OKN37ZUMUQA,bix_adaware_1000576,1
NRKSM2BEZDZRSFL44B347KW2XU,bix_adaware_1000576,2
EJXOOOAUW7I5ZBS6VMOVLPBJBU,bix_adaware_1000576,2
UO5PFO2W57DMBVMUSLH6Z245XE,bix_adaware_1000576,2
O7CJ2QVWHYM4GW62CIKZUEXHFE,bix_adaware_1000576,1
CIDOMCCTMLRHGAMA5DTMEKMK2A,bix_adaware_1000576,2
UGENMOHEEG5A3GFR7KKJGXJ4JM,bix_adaware_1000577,2
2NHCRV76O6CMSV6Y3N2LMBYYJM,bix_adaware_1000577,2
ZQM4PZQXBLMDPOAG44B2Y65QPM,bix_adaware_1000577,2
ISRNKE7LY7EAOKE3JKKWD77GBM,bix_adaware_1000577,2
OCVKXTBSEMVR5K3YWNDVJA2ZGA,bix_adaware_1000577,2
LFXTG5N6C6ILXEA4IF4BDY5JZM,bix_adaware_1000577,2
UDJEQX76K5NNRMTICOGDTOFGJE,bix_adaware_1000577,2
2MI6ACKF5CV3CVARTKFB2NLQZE,bix_adaware_1000577,1
DCWLMG4CYYJEZDS4ZFHRTLZU4I,bix_adaware_1000577,1
ORCZXEMCZNOCSGT5AM3ZPVTXKQ,bix_adaware_1000577,2
UBIS7PXE5ICWRKZJZ4DQY4ATNI,bix_adaware_1000577,2
JVOYRAF3NKZNGSUPVP7ARTH5Q4,bix_adaware_1000577,2
YOUMBEQK4XNMRVQJQYXWOGKVAM,bix_adaware_1000577,2
6GX2ALJZAXZ2Z6PFQ2V45V7CAQ,bix_adaware_1000577,2
HZROLCRNOOLNRPZB2KL44SS7QI,bix_adaware_1000577,2
PITH6K4OOPPPCLUDXORSNSCVJI,bix_adaware_1000577,2
7F76AURCQ6AVIFTOZAM6Y3MNY4,bix_adaware_1000577,2
IIJYNTAZL6WUWBHCLO2P6GC2L4,bix_adaware_1000577,2
MAPHVDWNJI2YWWU2CW2ESEZOE4,bix_adaware_1000577,1
34FADIHWPMI7KOVMRQDJ2WUURE,bix_adaware_1000577,2
23FCKLCKH5EIBBFIUQ6J2USXKQ,bix_adaware_1000577,2
FKGCSL7J7BWFDJHM5Z2YKXEXB4,bix_adaware_1000577,2
OSNXWSF3MVPSJP5SUSZGWFQMOA,bix_adaware_1000577,2
HOOCVPKODXN7F4UC2KTCHF3PAU,bix_adaware_1000577,2
RIG4MRFYQPA4H7NMCYTYJYVA4Q,bix_adaware_1000577,2
FONPZJBWF2I2BA2C67BCZQKCK4,bix_adaware_1000577,2
QIY4RWIDQHVTEPQEXULS2YSEGA,bix_adaware_1000577,2
FA5TZMHBKS2ZJES2S74DE42PB4,bix_adaware_1000577,1
PHGCKM5Y2GLGBNT5XQI2LQBGKE,bix_adaware_1000577,1
2MNI2I5KIW5SUWE23RWWZTA42Q,bix_adaware_1000577,2
N3HHCY2E4CPDMUTD6DN2D3NFKE,bix_adaware_1000577,1
DELBBCV7OPZLXUSH6NEV6HEEVQ,bix_adaware_1000577,2
JT366OBJF2ZMGWJLDL2XZAOCQA,bix_adaware_1000577,2
VFNSTAEURAGCBXTK736O53BYDA,bix_adaware_1000577,2
AVQQRIZ47T3RAQWOBSFO7K5OAM,bix_adaware_1000577,2
RPQCJ7ZPXJ36JF6CSZ4KRAPGD4,bix_adaware_1000577,2
QOW4MLKEGO7SEHWP7ATWREE6CU,bix_adaware_1000577,2
XSKBJSYDEWY7OMSCE4TA3ZC6QE,bix_adaware_1000577,2
JZQWZWRIXPDFVSPALHLBAXSCFI,bix_adaware_1000577,2
CM3U2NT6KLVGQ6JD3HGPFVMDUY,bix_adaware_1000577,2
M2IBL6AANRDLL337RMSR6BHWKE,bix_adaware_1000577,2
CKT5JGP27Z2FGVFSVUCBBVYAJI,bix_adaware_1000577,2
O2DDCGAPE4XGFE4DQTENPA5G3Y,bix_adaware_1000577,2
MKJRGNZDKYDSKZ536R33MGTVPU,bix_adaware_1000577,2
BV66ZNCNPVFYQTF4DHVIMXXR3I,bix_adaware_1000577,2
IJYTQIQPNUQI2RBKOU7PIYATMM,bix_adaware_1000577,2
5JO32M4R372IL2ZTJOJLLWB6RI,bix_adaware_1000577,2
BSVJHPXXLU7NJY6XCLMC6FWQFU,bix_adaware_1000577,2
BBVQ6EKZ56P6KBFA2KIDK2OIGA,bix_adaware_1000577,2
DFPSY6TENIA7C5NU6P3XNAPEUM,bix_adaware_1000577,2
2FSMDNNM4KDC7YHZB2DTBM4O7I,bix_adaware_1000577,2
VPRVP6IWBIZOVQ2XUWIFYPI4UE,bix_adaware_1000577,2
GPBLMS4N27ISCIKIJRJNOOVAMA,bix_adaware_1000577,2
OKGAVBZFM7NTR6OSACTJE346S4,bix_adaware_1000577,2
ZK3DPK7LDCBT4WB4VIC22WGHDI,bix_adaware_1000577,2
OAJVOXDA6FSI3Q24KAIG7EXUKM,bix_adaware_1000577,2
2ZIYJME6G3CRC76X3DZV7XACYQ,bix_adaware_1000577,1
WZUKHDZTEIZX6HKOT5KWV2J7KI,bix_adaware_1000577,2
VDM7FNV4DIB2L6OTASTJYCJ6NY,bix_adaware_1000577,1
C5O2YFCVAZQQ3J7YHPRPXOF2GQ,bix_adaware_1000577,2
W5QUUA6RELIXPZN5TO7YPYGLVI,bix_adaware_1000577,2
CDUW2BHKWDCOE5TKHDQFQBLOA4,bix_adaware_1000577,2
R7KGAIZXTHX34E33VPUXURFYZQ,bix_adaware_1000577,2
OEFT5AMHS3W3SV5ESVVK5MEY5I,bix_adaware_1000577,2
AJ7N3UQ25W4ZIML7W65GNEXHQI,bix_adaware_1000577,2
BO3KAGHJUPI6AJZL7GY7XAZKPU,bix_adaware_1000577,2
F5WTUSH6SJUGWYYA23IZJIVELE,bix_adaware_1000577,2
JLIEKYM4LRO2ICFVJI5URQVOKE,bix_adaware_1000577,2
OZXAWSTJYMXWKWE3OI2Q42C654,bix_adaware_1000577,2
Q77VPHBB3BOPXYFFAZXCMK5P3M,bix_adaware_1000577,2
Z346DNZDBNXACS2BS6OP5GCWVQ,bix_adaware_1000577,1
EKGEQU7L5K2U4RWLF7NAHNG7MI,bix_adaware_1000577,2
WXSTE5C3ALTEJITD7OL3KMGMHQ,bix_adaware_1000577,2
EKMAYFIGMJ3XCCQ3XCRIAXC63M,bix_adaware_1000577,2
JCCOVBO3JGL4PP4SI27TTTXYGQ,bix_adaware_1000577,2
UF5OR6PUOQYUPC3IV3CSPVOXJM,bix_adaware_1000577,1
OA2DNTW6XNZXI6JRKBPID72ED4,bix_adaware_1000577,2
G4YYMMVZG6AH47QWFB6AYW3WEU,bix_adaware_1000577,2
CQYOVQ4BXLOGKLA56EMJAKFFGE,bix_adaware_1000577,2
QLHK2DGGOBJHH4WWG25ZAYFB4U,bix_adaware_1000577,2
JHN274NBUHFHHCAP6DBVG5IQ7Y,bix_adaware_1000577,1
5ZDUHJKR3E6BRXHWNUPAHOAPQY,bix_adaware_1000577,2
ML7C37TWHA53WQVIKMQY6D7BIQ,bix_adaware_1000577,2
FQNBBBSRGJNRR6KBEH6EBSO7JI,bix_adaware_1000577,2
2JHJETT6T3FM2LMZGL3UTMGVPQ,bix_adaware_1000577,2
JJYNJFLETIOQGCTWWOGYTP43MM,bix_adaware_1000577,2
JFIJJXDXSPM4YOE2JQKE3ASFA4,bix_adaware_1000577,2
46RZNJ2KEL5CP3CVCEPKGHHZH4,bix_adaware_1000577,2
HWPP5WN2OLIAN42YUXMSXLPRWU,bix_adaware_1000577,2
WC3GOXZYUT57RYWASIF7F5MYAM,bix_adaware_1000577,1
KFTKG4OFTQWGDZ2B5H37LPVO44,bix_adaware_1000577,2
B2UUV2FLCJZGAPRGVQS4VPWT6Y,bix_adaware_1000577,2
KIJF3XUEJUZRKTC7G6JY2I7QQ4,bix_adaware_1000577,1
Y3MLKA6JTYYR2SZERELVSFULGY,bix_adaware_1000577,2
LPEM43HALAR3N3EUKREHRZ4TCU,bix_adaware_1000577,2
OSCYAGJV3DP7XKNMHULTH6XV2A,bix_adaware_1000577,2
CYV2JFYZYPHU267HEJWVJA2MRQ,bix_adaware_1000577,1
MM3TORMGBLAZQ3YROUIZ7NQZB4,bix_adaware_1000577,2
IJLG3733325NK634N5EYD6HPYA,bix_adaware_1000577,2
OBRVBFEAFX2U6UYOJMC2UYA5BM,bix_adaware_1000577,1
WKTJEOVMOD7CPHCIF5XSVEMCIU,bix_adaware_1000577,2
Z5GCJPGKDPUWP4C63FP5WSW2SY,bix_adaware_1000577,2
HMC32I7HW76IPP7QLFUGA6KI6Q,bix_adaware_1000577,2
YLIUEQDL2KJ3VV6PITSFE7R3SY,bix_adaware_1000577,2
PVDBG4VQROTSD6URG7BH36WAR4,bix_adaware_1000577,2
NZT3IXYITHO2XV5AHL7IZT5VCQ,bix_adaware_1000577,2
7TBHD6HW3BPFZXAX4YJS52JGFE,bix_adaware_1000577,2
OCVX76YFS4B2KP3K5DJS4RIHUA,bix_adaware_1000577,2
BCKWHVTAFVJV235QTKCAUWF3GI,bix_adaware_1000577,1
DUWOTQZAR7YSTM3XS5XWXSR5DQ,bix_adaware_1000577,1
TRITWL6V3NCED44HVT2YKQD4QM,bix_adaware_1000577,2
R2JZ34EUPMIFYLWL2NZKQRPOVI,bix_adaware_1000577,1
RZKRISJB5TMMFSUABDHG3I45R4,bix_adaware_1000577,2
U4RX2BLW2WY2DVVZ2TMZ32BULY,bix_adaware_1000577,2
522MIW72IC4DUZOE2GP77Q7KZA,bix_adaware_1000577,2
QF4KVK2DKGU4C57FHMFRRMWWUY,bix_adaware_1000577,1
CROHEUXDFHJGVZNM6Q2DRO6TMM,bix_adaware_1000577,1
3T6JBELOJ2EV4PBXJFFBO2KVWU,bix_adaware_1000577,2
WGY6QHIGLSJ4ZZUXFWY2VAVVIA,bix_adaware_1000577,2
DDP3APSDQQFRDFX46JCPQPK2YM,bix_adaware_1000577,2
D5A2IJOUCSGVZH4QRJJA33DVFY,bix_adaware_1000577,2
RN7SXOOMTNUZTRLU2ONUTBQDVI,bix_adaware_1000577,2
PQK7O3OJHAJWKTTFCULVYKOYZA,bix_adaware_1000577,1
DDUBWU2I37XKWXZNHVXL7JYURY,bix_adaware_1000577,2
7L33LL7FLVHUREOGOSSREBYNTQ,bix_adaware_1000577,2
BOUCCI2SCB23TKCHAQCXJTZUUA,bix_adaware_1000577,2
AOABMFUAVRGP7OSKZ35IOQ2WAA,bix_adaware_1000577,2
4BG7DRCWRHQWN5N6GG4PI5YBEQ,bix_adaware_1000577,2
KGBZBELDEFJZXKX64Q273LWL4A,bix_adaware_1000577,2
BXEAJK34WACAFKDR4N23PBVCMQ,bix_adaware_1000577,1
P6W6LNQTUTN35IYGVJXIAP7FIA,bix_adaware_1000577,2
CRVQRXKUHDMSCUHFEODNNVRZV4,bix_adaware_1000577,1
CWPPKNM5FAS5P4BWKMD7WYNPQE,bix_adaware_1000577,2
YQMDWRR2AFGA2VG6J46BMC2HLM,bix_adaware_1000577,1
6TC5QWY5CWVNCTSCRQ4LFCNMUU,bix_adaware_1000577,2
TUBIWJ4DP7PGBFWXDI3TD57DZ4,bix_adaware_1000577,2
3FV7CDQVWETFGXT5NDUAOOHBBA,bix_adaware_1000577,2
MVEK2EN7YOZVTDOX3ZPCE5ORQY,bix_adaware_1000577,1
EEBUBOPPNBJS2W3XCVMXBLTK7Q,bix_adaware_1000577,1
J2IPOEI7U4XMJCZAKL7A662SDA,bix_adaware_1000577,2
TSBHFNZ67CGREUABMZBTHGW7NY,bix_adaware_1000577,2
4D6X4FF6FKFFTRUQNNQWHLJXEQ,bix_adaware_1000577,2
T7BN4L2S2QDI5ZUACGQFVTVGXM,bix_adaware_1000577,1
IF6Q4VKLOCYCPRXDG7YRM6ND7Y,bix_adaware_1000577,2
QKN45UT4BRH4QIQXS7S3UIAREQ,bix_adaware_1000577,2
ZRNRWIDQGNOIHNKLJKA2JB4Q7Y,bix_adaware_1000577,2
7HI2ZQGVDFI75IBAA2J24SHOFY,bix_adaware_1000577,2
6OEEXXS3O53PIUTRVKDHYWKB64,bix_adaware_1000577,2
6EIBAVOVG3C74ZDPPWZKUFC6IQ,bix_adaware_1000577,2
VHIHVA6MTCBKBKUYQARZZZWMMU,bix_adaware_1000577,2
P2RCIDNUORKFATGA7MGJZBOOAQ,bix_adaware_1000577,2
XDTABDJ2WQART7BIGP6SIPFJVY,bix_adaware_1000577,1
TO5IFD4QXFJYKLMEUUOCLR2QYI,bix_adaware_1000577,2
2DO3BT32TJEWELHAM72KR5PLEQ,bix_adaware_1000577,2
A2EGOFXPLDP6LLI2VY5AOWYR5A,bix_adaware_1000577,2
RHSQSHX7CFPLAR7OBWX6FLPDM4,bix_adaware_1000577,1
YWNLOPFBMNBMAA67JRD5VGLTWA,bix_adaware_1000577,2
MCMZR637NJO7653RA2CSWPTFWM,bix_adaware_1000577,2
47CSPFQU6HMFLD7KJNLBCGNA3U,bix_adaware_1000577,2
5ZGAJ7BPS6XP56JFIXJGVI4LYE,bix_adaware_1000577,1
FL2SFTZZ527DIWYI3AMQYXSVYQ,bix_adaware_1000577,2
M7KR66RP3TFR3UFHUXE6W36MV4,bix_adaware_1000577,2
WF7SY5IOG7ZSVQNKBV65P7YWMY,bix_adaware_1000577,2
RXEK7BAQBINI7IKLXYE5F5AIFA,bix_adaware_1000577,2
SBZFPFSSDEDLNCLC37SEVX7TFQ,bix_adaware_1000577,2
KT7S4XR6YLD2RI2NIXFBNS3BIM,bix_adaware_1000577,2
2WC53JHMWROQXYATBCUHSGYKHA,bix_adaware_1000577,2
6JGFMALEKBAHKTQSE5BD56ROF4,bix_adaware_1000577,1
4ZRLIQDEUE7LVVEPFDMHZ7UYVA,bix_adaware_1000577,2
BVELO4UYPCRHE2MBVBGQOP5XOQ,bix_adaware_1000577,1
22IC4CYPKNORPXFZIEB5YG26LA,bix_adaware_1000577,2
3C65F2GI346AJO6KNYOLIXISXQ,bix_adaware_1000577,2
LLQ44A746OBOPHVM7OB46EYDLE,bix_adaware_1000577,2
VFNORNMEFTPD6GZUVFDFKQAUQU,bix_adaware_1000577,2
6O2T7SMKPUZYPUDDSMT45CODMM,bix_adaware_1000577,1
WY3EJRNFBMFECQS4YO3QNJS74Y,bix_adaware_1000577,2
5EBN4U2GRFANURTDMOXXBODR4E,bix_adaware_1000577,2
K7MKN52CPFNWGZ5OJBWI6F7HGQ,bix_adaware_1000577,2
US4NM6T5ZOQCN4JNZNG45ZAAAA,bix_adaware_1000577,1
J65IOLJL6AMSJL5I7RZSLYYCDQ,bix_adaware_1000577,1
VBS4PWANPEK6ADA42EUSAVBVIA,bix_adaware_1000577,2
XBB2KIV5AHYLTWRRJGIAMJQAMY,bix_adaware_1000577,2
2BSXDP4FMPFV7RAV5DABAIUZQU,bix_adaware_1000577,2
6WCDA5OHLBLERTRI44R6VYHAA4,bix_adaware_1000577,2
NOSAOB5IXUVPZCLUQFTOB3DR64,bix_adaware_1000577,2
UNXYZ2X6ICHBHUXAZHBRMHFPUQ,bix_adaware_1000577,2
3AG5MUZUJYRJA7KELM6RTWKAHY,bix_adaware_1000577,2
E62CWNXFXXOEDQGU7NT3SIWCH4,bix_adaware_1000577,2
NPQG2GAXNZK3644SJRFKCTSEWI,bix_adaware_1000577,1
APGDA4XSVAN6JU5AXBUIOKS6WI,bix_adaware_1000577,2
IMZ2ONU62TNOVDCIDMTOUMWLGQ,bix_adaware_1000577,1
MN3UYC4ZCO3M265MFSTGATPPC4,bix_adaware_1000577,1
URZ7FP4DKLWHFR4S4LU7GOC4I4,bix_adaware_1000577,2
JXKALTHFXJMOHDMLRDZPTHE4D4,bix_adaware_1000577,1
GJWRJYAG5BAEG4BVIYHILD7RMM,bix_adaware_1000577,2
D57J4FGALF6LPAM54FE2IS3B3E,bix_adaware_1000577,2
WY5ODMATHXRCKZEEQV2ZX4ZCEY,bix_adaware_1000577,2
EF4KWCKAKBOHZUCEDBRZ2MEWIE,bix_adaware_1000577,2
O4TINWJ2WM725TX4IEG4VCCW7A,bix_adaware_1000577,2
NA2ZC5IJQINXUNWAN53OSD5FF4,bix_adaware_1000577,2
57EUIDN7TEQB2W3KQD3Y2IEACY,bix_adaware_1000577,2
OC5ANN54HZHUJFTLU44YG436QI,bix_adaware_1000577,2
TF7I6SKC5Z7USGY3BSVWSPGRXM,bix_adaware_1000577,2
WH4KMRM3EJOLUHXVDUP7NJYK3Y,bix_adaware_1000577,2
YJCIASRGKKTXXPCULW5JZEKGC4,bix_adaware_1000577,2
C5XF4CWG4FRHAE2NZQZQAOAHQQ,bix_adaware_1000577,2
7RBA2ZEUOV6OW5ARNA4EXFTOL4,bix_adaware_1000577,2
NF4P55CIZJNMBR6TVXHVWTFRWQ,bix_adaware_1000577,2
3DYEX3YU2ZSJULE57NGDUUJFWU,bix_adaware_1000577,2
FPHULTI3WQD6ZQFLDQARUEANGU,bix_adaware_1000577,2
KLLFEECFOP7MPTFXWTFKWXD7T4,bix_adaware_1000577,2
EJ5ZLQZY7YUKGUEWAHPGYX5Z54,bix_adaware_1000577,2
ODGLQK7DJPQ7JRSOXLXKZ6OUFM,bix_adaware_1000577,2
ZINTS5HBQNG4RRPTXTF5KSTBA4,bix_adaware_1000577,2
HS2DFFUJ6TMFTIV3YFBGA7XJ7U,bix_adaware_1000577,2
P2JDZNZG3OJD72K7UHZ3LVGTOY,bix_adaware_1000577,2
IN7AOSJIRSFQAWUVW6D3PXTO6Q,bix_adaware_1000577,2
3VNWGNR2OTU73UB6HFZTLXAFNE,bix_adaware_1000577,1
CFJIXK3TPYNH5X7FJ5FCQQTVLQ,bix_adaware_1000577,2
E5CGCSVT6WMWXJ3LKSE23W5CXE,bix_adaware_1000577,2
DLYPBHVEU64SECVJI5A5FFPPVA,bix_adaware_1000577,2
6B7ZMNMQPLQNMUZB3DXCI745UA,bix_adaware_1000577,1
SK5HCSAVQ3UUX5OD5C3QRRIMBQ,bix_adaware_1000577,2
ADKN7QBEUE5R7UQV4IIQ3H3XU4,bix_adaware_1000577,2
4JU3QZNT7MGADENJETXZY5QQCE,bix_adaware_1000577,2
XC6H2OPNEYLM3EGHR3K2RJSMOQ,bix_adaware_1000577,2
UU5QYKEEX6ZXYZTVXQX2QBP3VQ,bix_adaware_1000577,1
HE54J2YTYCO65BTTARZA4PUNAA,bix_adaware_1000577,2
KPR46QQVYFVT666LEWOCSSXBHQ,bix_adaware_1000577,2
WNLZIZF6O7U7XTHW5YVNZFND5U,bix_adaware_1000577,2
PIIGD2WHRX3RVAYHR6LB3YRTHA,bix_adaware_1000577,2
3ZCRBCZEK7PABO6JZA6EFNK5YY,bix_adaware_1000577,1
W3UR54EGV63S4OS4Q72QMWTQUI,bix_adaware_1000577,2
WBVNTQSJ4XPMNN7KLPHIAAEUDM,bix_adaware_1000577,2
KBMMV6TQH4G6ZLGA5DFZDT7VXE,bix_adaware_1000577,2
RDLVZAYRNEGMVZTY3TEA3VZJOI,bix_adaware_1000577,2
XBC2GACNJJ5UVGASN624EP7DQU,bix_adaware_1000577,2
PJ4M5IYW5WNM7S4YBS37SXDCF4,bix_adaware_1000577,2
VC74NN4SWZMF2TRN7JAVHBJ37A,bix_adaware_1000577,2
KQYYYJDBVWXR4KX6SPQQKQDTGM,bix_adaware_1000577,2
AOJ7FP6JD2YJ34V7OP7YLDGMDQ,bix_adaware_1000577,2
32R5YHTUVMXQBGXCXNAEMNWVAY,bix_adaware_1000577,2
I4ISKG5ZWVDLTEGOZ4CBONGPAI,bix_adaware_1000577,2
NM2LTHUPQCWHA2QKJY5NPYWR4Y,bix_adaware_1000577,2
UCYGSXE66ZO43AUBHOIN7TDJYA,bix_adaware_1000577,2
P2LEBNHJI464J2BLNVXMKZODHQ,bix_adaware_1000577,1
76X7SMQMFI2OSJE5MEEAF3DL6E,bix_adaware_1000577,2
E3JAV2EN5V2MYSNWZ3UL7OW32A,bix_adaware_1000577,2
ARKFCAB6TA7Y4SBKLNAD3FR5QY,bix_adaware_1000577,2
UEV3ISDY7BCQ4JXJUYQLHUL32E,bix_adaware_1000577,2
UJ3KVIMNRW3QKGMP6Y3CKRZ4FA,bix_adaware_1000577,2
T5FTNKTXCQKTMNVGBEIQDUJSMM,bix_adaware_1000577,2
HCZJ36K2LDRBRAAYUMMGYW3LGM,bix_adaware_1000577,2
KPQJUMQMIO77UAT57DQUZQWGOQ,bix_adaware_1000577,1
